title,url,topic_idx,news_date
AI 반도체 ETF '후끈'…동시 상장 5일만에 1500억 몰렸다,https://n.news.naver.com/mnews/article/011/0004267396?sid=101,0,20231128
[블록체인 칼럼]금융샌드박스와 네거티브 규제,https://n.news.naver.com/mnews/article/030/0003160904?sid=101,0,20231128
"'보안체계 강화' 센트비, 글로벌 표준 정보보호∙개인정보 경영시스템 인증 동시 취득",https://n.news.naver.com/mnews/article/014/0005107040?sid=101,0,20231128
"사슬 블록체인 컨퍼런스 성료, 3세대 블록체인 기술과 미래 전망 논의",https://n.news.naver.com/mnews/article/029/0002839791?sid=101,0,20231128
"비투엔, 실버케어에서 '응급 케어'로 AI 의료 서비스 사업 확장",https://n.news.naver.com/mnews/article/003/0012235123?sid=101,0,20231128
[단신]미래에셋 ‘AI 반도체 ETF’ 개인순매수 100억 넘어 外,https://n.news.naver.com/mnews/article/020/0003533789?sid=101,0,20231128
"[단독]설명은 AI, 답변은 대본대로…'홍콩 ELS' 은행들 자신하던 녹음파일 들어보니",https://n.news.naver.com/mnews/article/057/0001783675?sid=101,0,20231128
"SKT, AI 안부 확인 서비스로 취약계층 돌봤다",https://n.news.naver.com/mnews/article/014/0005107342?sid=101,0,20231128
"LG CNS, 글로벌 클라우드 역량 입증",https://n.news.naver.com/mnews/article/014/0005107324?sid=101,0,20231128
"""레고처럼 한컴 AI기술 모듈화... 산업 전반 핵심부품 역할할 것""",https://n.news.naver.com/mnews/article/014/0005107323?sid=101,0,20231128
전세계 개발자 수만명 집결…'서버리스 클라우드' 혁신 눈앞 [AWS 리인벤트 2023],https://n.news.naver.com/mnews/article/014/0005107298?sid=101,0,20231128
"삼성SDS·전기 'AI 신바람'…기관·외국인, 쌍끌이 매수",https://n.news.naver.com/mnews/article/015/0004919343?sid=101,0,20231128
"""AI 하드웨어·바이오 기술수출株에 주목""",https://n.news.naver.com/mnews/article/015/0004919334?sid=101,0,20231128
"""서버 대신 온디바이스""…AI 새 테마 뜬다",https://n.news.naver.com/mnews/article/009/0005221992?sid=101,0,20231128
네이버 '다크패턴 체크리스트' 나온다,https://n.news.naver.com/mnews/article/648/0000021369?sid=101,0,20231128
김기철 드림인사이트 대표 “IPO로 AI 기반 디지털 광고 솔루션 개발 가속도” [IPO 인터뷰],https://n.news.naver.com/mnews/article/016/0002231222?sid=101,0,20231128
"""삼성그룹 AI 수혜주가 뜬다""…외국인·기관 '쌍끌이 매수'",https://n.news.naver.com/mnews/article/015/0004919271?sid=101,0,20231128
"굿센, 글로벌 인텔리전트 SaaS 기업 도약 ‘시동’",https://n.news.naver.com/mnews/article/277/0005347203?sid=101,0,20231128
"한국 테크 투자에 94.1% 수익?…""수출경쟁력 있는 AI 반도체, 바이오테크 분야 유망해""",https://n.news.naver.com/mnews/article/015/0004919235?sid=101,0,20231128
"'AI 승부수'…한글과컴퓨터 ""5년내 글로벌 빅테크 목표""",https://n.news.naver.com/mnews/article/648/0000021356?sid=101,0,20231128
"SCI평가정보, 다오솔루션과 개인 데이터 서비스 기술 개발 및 사업화 MOU 체결",https://n.news.naver.com/mnews/article/011/0004267267?sid=101,0,20231128
빌 게이츠 “AI 덕분에 주 3일 근무 가능하다”,https://n.news.naver.com/mnews/article/421/0007202442?sid=101,0,20231128
"한국포스증권, 챗GPT 활용 'AI 투자가이드 서비스' 제공",https://n.news.naver.com/mnews/article/018/0005628048?sid=101,0,20231128
"한국포스증권, 챗GPT 활용 'AI 투자가이드 서비스' 제공…금융권 최초",https://n.news.naver.com/mnews/article/030/0003160739?sid=101,0,20231128
"[특징주] 플리토, 삼성 전 제품군에 AI 탑재 '실시간 통역' 기능 탑재… 언어데이터 공급 부각",https://n.news.naver.com/mnews/article/417/0000965142?sid=101,0,20231128
"[종목이슈] 네패스, 갤럭시S24 온디바이스AI 기대↑",https://n.news.naver.com/mnews/article/031/0000791714?sid=101,0,20231128
"DB금투 “LG-크래프트 AI ETF, 액티브 투자의 新동력”",https://n.news.naver.com/mnews/article/009/0005221599?sid=101,0,20231128
"디지털존, NIA '공공부문 이용 SaaS 개발·검증' 사업 통해 전자서식 서비스(SaaS) ‘브리트’ 개발",https://n.news.naver.com/mnews/article/011/0004267184?sid=101,0,20231128
"이지서티, NIA '공공부문 이용 SaaS 개발·검증' 사업 통해 개인정보 접속기록 관리 솔루션 ‘UBI SAFER-PSM’ SaaS로 개발",https://n.news.naver.com/mnews/article/011/0004267176?sid=101,0,20231128
"""대세는 AI"" 미래에셋자산운용, TIGER 글로벌AI액티브 ETF 주목",https://n.news.naver.com/mnews/article/417/0000965125?sid=101,0,20231128
KB證 “연말연초까지 생산성 혁신 기술 로봇株 관심”,https://n.news.naver.com/mnews/article/119/0002773684?sid=101,0,20231128
"KB證 “SK하이닉스, 4분기 실적 기대치 웃돌 것… AI 반도체 수혜주 기대”",https://n.news.naver.com/mnews/article/366/0000950740?sid=101,0,20231128
"""SK하이닉스, AI 반도체 수요 증가 최대 수혜주""-KB",https://n.news.naver.com/mnews/article/015/0004919064?sid=101,0,20231128
"비투엔, ‘실버케어’에서 ‘응급 케어’까지 AI 의료 서비스 사업 확장",https://n.news.naver.com/mnews/article/277/0005346823?sid=101,0,20231128
"비투엔, 응급케어까지 AI 의료 서비스 사업 확장 ‘눈길’",https://n.news.naver.com/mnews/article/014/0005106797?sid=101,0,20231128
"SK하이닉스, AI 반도체 수요 증가의 최대 수혜주-KB증권",https://n.news.naver.com/mnews/article/008/0004967008?sid=101,0,20231128
"SK하이닉스, AI반도체 최대 수혜주…4Q 흑자전환 전망-KB",https://n.news.naver.com/mnews/article/018/0005627816?sid=101,0,20231128
"“의료기관용 챗GPT 개발, 데이터 어떻게 다룰지 이해관계자 협의 필요”",https://n.news.naver.com/mnews/article/421/0007203748?sid=101,0,20231128
"“AI, 의료·공중보건 적용 시 데이터·투명성 중요…규제당국 관여해야”",https://n.news.naver.com/mnews/article/421/0007203730?sid=101,0,20231128
"'비자금 조성 의혹'에 한컴, AI 신사업 급제동?",https://n.news.naver.com/mnews/article/374/0000360565?sid=101,0,20231128
클로바노트 日서 통했다…가입자 1년새 130% 뛰어,https://n.news.naver.com/mnews/article/011/0004267458?sid=101,0,20231128
"'핑거세일즈 CRM', 라이앤캐처스와 손잡고 CRM 시장 확장 나서",https://n.news.naver.com/mnews/article/008/0004967411?sid=101,0,20231128
"‘비정형데이터 게임체인저’ 퀀텀AI, 6억 투자유치",https://n.news.naver.com/mnews/article/009/0005222047?sid=101,0,20231128
'동남권 지역 생성형 AI 및 로봇 기술 현황 교류회' 성료,https://n.news.naver.com/mnews/article/008/0004967386?sid=101,0,20231128
"스마터빌드, ""차별화된 SaaS서비스로 글로벌 시장 노크할 것""",https://n.news.naver.com/mnews/article/008/0004967383?sid=101,0,20231128
한글과컴퓨터 'AI 비서' 도입...글로벌 진출 본격화,https://n.news.naver.com/mnews/article/658/0000059216?sid=101,0,20231128
"대전시-KAIST, 인공지능반도체 인재양성 본격화",https://n.news.naver.com/mnews/article/421/0007203561?sid=101,0,20231128
"AWS ""AI로 서버관리 부담 던다""...개막 첫 날 5만명 몰려 높은 관심 [AWS리인벤트]",https://n.news.naver.com/mnews/article/014/0005107218?sid=101,0,20231128
"에코피스-넥스톰, '인공지능 기반 지능형 수자원·수처리 관리시스템' 위한 업무협약",https://n.news.naver.com/mnews/article/008/0004967361?sid=101,0,20231128
"오유경 ""디지털의료 규제, 우리 기준이 세계 기준될 것…내년 FDA와 AI 심포지엄""",https://n.news.naver.com/mnews/article/277/0005347223?sid=101,0,20231128
"렛서, 펜타브리드와 손잡고 생성형 AI 마케팅 기술 고도화",https://n.news.naver.com/mnews/article/011/0004267397?sid=101,0,20231128
"조주완 LG전자 사장, CES 2024 등판…AI 주제로 연설",https://n.news.naver.com/mnews/article/215/0001136518?sid=101,0,20231128
"김연수 한컴 대표 ""5년 내 AI 기반 글로벌 빅테크 기업으로 도약""",https://n.news.naver.com/mnews/article/417/0000965266?sid=101,0,20231128
"비디, 전문지식 챗봇 서비스 ‘분야별 한국어 멀티세션 데이터’ 구축",https://n.news.naver.com/mnews/article/468/0001006652?sid=101,0,20231128
“AI가 편안한 수면 책임진다”…슬립테크 각광 [숏잇슈],https://n.news.naver.com/mnews/article/030/0003160870?sid=101,0,20231128
"조주완 LG전자 사장, 1월 美 CES서 ‘AI 미래 고객경험’ 소개",https://n.news.naver.com/mnews/article/009/0005221797?sid=101,0,20231128
JY가 또 선택한 ‘미스터 폴더블’…인공지능 초격차 본격 드라이브,https://n.news.naver.com/mnews/article/009/0005221789?sid=101,0,20231128
"한컴, AI 사업 본격화…""내년 한국판 코파일럿 출시""(종합)",https://n.news.naver.com/mnews/article/001/0014358943?sid=101,0,20231128
슬립테크 부상…AI로 수면 분석해 삶의 질 개선,https://n.news.naver.com/mnews/article/030/0003160834?sid=101,0,20231128
"네이버 자율규제위, 다크 패턴 방지 대책 논의",https://n.news.naver.com/mnews/article/422/0000631660?sid=101,0,20231128
AI시대를 맞이하는 생각의 힘[김홍유의 산업의 窓],https://n.news.naver.com/mnews/article/050/0000069875?sid=101,0,20231128
"한컴, AI 사업 본격화…오피스 SW서 기술 플랫폼으로 변신",https://n.news.naver.com/mnews/article/277/0005347122?sid=101,0,20231128
"LG전자, `월드 프리미어` 초청장 공개…""AI로 연결·확장되는 미래 고객경험""",https://n.news.naver.com/mnews/article/029/0002839842?sid=101,0,20231128
"제이엘케이, 북미영상의학회서 '뇌경색 AI 솔루션 ' 임상 결과 발표",https://n.news.naver.com/mnews/article/008/0004967237?sid=101,0,20231128
한글과컴퓨터 AI 사업 전략 발표회,https://n.news.naver.com/mnews/article/001/0014358707?sid=101,0,20231128
로봇이 대접해주는 커피,https://n.news.naver.com/mnews/article/003/0012235534?sid=101,0,20231128
로봇이 붕어빵을?,https://n.news.naver.com/mnews/article/003/0012235532?sid=101,0,20231128
다양한 로봇 설비 선보이는 제조혁신 코리아,https://n.news.naver.com/mnews/article/003/0012235522?sid=101,0,20231128
다양한 로봇 설비 선보이는 제조혁신 코리아,https://n.news.naver.com/mnews/article/003/0012235515?sid=101,0,20231128
"“AI로 연결·확장될 고객경험 기대”… 조주완,  ‘LG 혁신’ 세계에 알린다",https://n.news.naver.com/mnews/article/021/0002607612?sid=101,0,20231128
“아프다” 하니…  ‘AI 콜’  병원동행 서비스 연결,https://n.news.naver.com/mnews/article/021/0002607611?sid=101,0,20231128
"YBM-굿노트, AI 교육 콘텐츠 공동 개발 위한 업무 협약 체결",https://n.news.naver.com/mnews/article/215/0001136472?sid=101,0,20231128
"렛서-펜타브리드, 생성형 AI 어시스턴트 고도화 등 MOU 체결",https://n.news.naver.com/mnews/article/468/0001006567?sid=101,0,20231128
"롯데쇼핑 인공지능 챗봇 '샬롯' 내달 종료…""챗GPT 도입 검토""",https://n.news.naver.com/mnews/article/003/0012235418?sid=101,0,20231128
AI 스마트폰·AI 노트북 나온다...삼성 전제품군 AI 탑재,https://n.news.naver.com/mnews/article/016/0002231023?sid=101,0,20231128
한컴 “AI 활용한 ‘한컴 어시스턴트’로 5년 내에 글로벌 빅테크 진입”,https://n.news.naver.com/mnews/article/016/0002231022?sid=101,0,20231128
한컴 “AI 기반 ‘어시스턴트’로 5년 내 글로벌 빅테크 진입”,https://n.news.naver.com/mnews/article/016/0002231011?sid=101,0,20231128
"""클라우드는 제3의 데이터센터"" 카카오페이증권 [AWS 리인벤트]",https://n.news.naver.com/mnews/article/014/0005106960?sid=101,0,20231128
"한컴, AI 문서 작성 '한컴 어시스턴트' 출시…""5년 내 글로벌 기업 목표""",https://n.news.naver.com/mnews/article/374/0000360480?sid=101,0,20231128
"한컴, AI 사업 본격화…""내년 지능형 문서 작성 도구 출시""",https://n.news.naver.com/mnews/article/001/0014358294?sid=101,0,20231128
'한국판 코파일럿' 한컴 AI어시스턴트 나온다,https://n.news.naver.com/mnews/article/215/0001136461?sid=101,0,20231128
"""AI기술로 똑똑하게 문서관리""…딥서치, '마이노트' 출시",https://n.news.naver.com/mnews/article/003/0012235038?sid=101,0,20231128
갤S24 출격 준비 탄탄대로…'AI폰' 상표 등록·KC인증 통과,https://n.news.naver.com/mnews/article/003/0012235004?sid=101,0,20231128
"조주완 LG전자 사장, CES 2024에서 AI 주제로 연설",https://n.news.naver.com/mnews/article/011/0004267198?sid=101,0,20231128
"100만명 돌파한 AI·SW 교육 플랫폼…구름, 이용자 확보 비결은",https://n.news.naver.com/mnews/article/008/0004967472?sid=101,0,20231128
"""AI로 보험 약관까지 분석""…해빗팩토리, 206억원 유치 [허란의 VC 투자노트]",https://n.news.naver.com/mnews/article/015/0004919436?sid=101,0,20231128
"스트라드비젼, '퍼블릭 클라우드 ERP' 도입 ""글로벌 확장 추진""",https://n.news.naver.com/mnews/article/008/0004967335?sid=101,0,20231128
"""하이퍼로컬 시대 개막""…김용현 당근 대표, 대통령 표창",https://n.news.naver.com/mnews/article/008/0004967323?sid=101,0,20231128
"피앤에스미캐닉스, AI 로봇 산학협력 추진 ""재활 표준 만든다""",https://n.news.naver.com/mnews/article/008/0004967295?sid=101,0,20231128
[UDC 2023]블록체인으로 식물이력 관리…신뢰·투명성 다 잡았다,https://n.news.naver.com/mnews/article/648/0000021354?sid=101,0,20231128
"YBM, 글로벌 필기앱 굿노트와 AI 교육 콘텐츠 협력 MOU",https://n.news.naver.com/mnews/article/421/0007202168?sid=101,0,20231128
"""제조현장 문제, 데이터·AI로 푼다""…중기부 8개팀 시상",https://n.news.naver.com/mnews/article/003/0012234554?sid=101,0,20231128
"중기부, 中企 제조공정 개선 AI 아이디어 경진대회 8개팀 시상",https://n.news.naver.com/mnews/article/001/0014357706?sid=101,0,20231128
"AI·제조데이터로 제조현장 문제 해결…중기부, 경진대회 시상식 개최",https://n.news.naver.com/mnews/article/277/0005346747?sid=101,0,20231128
"중기부, AI 제조데이터 분석 경진대회 시상식 개최…8개팀 수상",https://n.news.naver.com/mnews/article/421/0007201576?sid=101,0,20231128
"화천 CVC 시리우스인베스트, 앤드류 응 교수 랜딩AI에 투자 완료",https://n.news.naver.com/mnews/article/009/0005221521?sid=101,0,20231128
"롯데쇼핑, AI 챗봇 서비스 ‘샬롯’ 내달 종료",https://n.news.naver.com/mnews/article/366/0000950912?sid=101,0,20231128
"인딥에이아이, AI 서류전형서비스 ‘리마인드’ 채용시장 안착",https://n.news.naver.com/mnews/article/009/0005221786?sid=101,0,20231128
"'AI 비서' 한컴 어시스턴트' 내년 출격…""유럽 기업 인수 검토""(종합)",https://n.news.naver.com/mnews/article/421/0007202919?sid=101,0,20231128
"한컴 AI 비서 '한컴 어시스턴트' 내년 공개…""5년 내 빅테크 진입""",https://n.news.naver.com/mnews/article/421/0007202308?sid=101,0,20231128
"""클라우드 역량 검증""…LG CNS, AWS 파트너 인증 4개 획득",https://n.news.naver.com/mnews/article/421/0007201844?sid=101,0,20231128
통역도 이젠 실시간으로…언어의 장벽 허무는 AI,https://n.news.naver.com/mnews/article/422/0000631756?sid=101,0,20231128
"삼성·LG전자, AI 입힌 '똑똑한 가전' 시장 공략",https://n.news.naver.com/mnews/article/422/0000631747?sid=101,0,20231128
KAIST에 국내 두 번째 AI반도체대학원 개원…‘글로벌 인재 육성’ 본격화,https://n.news.naver.com/mnews/article/082/0001244033?sid=101,0,20231128
‘포스트 CATL’도 문 닫았다…중국 배터리 업계 ‘칼바람’,https://n.news.naver.com/mnews/article/025/0003324789?sid=101,0,20231128
[기자의 눈] LLM이라는 블랙박스,https://n.news.naver.com/mnews/article/011/0004267450?sid=101,0,20231128
"[오후초대석] AI 시대, 개인정보 유출 우려↑…개보위 ""규제보다 안전한 환경이 우선""",https://n.news.naver.com/mnews/article/374/0000360541?sid=101,0,20231128
"SK텔레콤, SKT의 AI는 어디에나 있다",https://n.news.naver.com/mnews/article/009/0005221878?sid=101,0,20231128
"한국티즈, AI 툴 활용해 브랜드 노출 최적화",https://n.news.naver.com/mnews/article/009/0005221865?sid=101,0,20231128
"식약처, 내년 美와 AI의료제품 심포지엄…""규제 주도할 것""",https://n.news.naver.com/mnews/article/001/0014359214?sid=101,0,20231128
"식약처장 ""美FDA와 AI기반 신약 규제 제도화 추진""",https://n.news.naver.com/mnews/article/374/0000360532?sid=101,0,20231128
웹소설 창작·구독 플랫폼 ‘아이작 노벨’ 출시…“AI로 대량 생산”,https://n.news.naver.com/mnews/article/025/0003324739?sid=101,0,20231128
"서울랩스 장도희 대표, ‘메타혁명과 웹3.0 시대의 도래’ 주제로 사슬 블록체인 컨퍼런스서 강연",https://n.news.naver.com/mnews/article/081/0003412234?sid=101,0,20231128
'AI 활용해 장애예술인 작품 추천'…노동부 주최 SW대회서 대상,https://n.news.naver.com/mnews/article/001/0014359479?sid=102,0,20231128
'AI가 그려줍니다' 인공지능 보조작가 앱 등장,https://n.news.naver.com/mnews/article/001/0014358843?sid=102,0,20231128
"원티드랩, 국내 AI 외국인 인재 네트워킹 ‘원티드 글로벌 해피 아워’ 개최",https://n.news.naver.com/mnews/article/468/0001006475?sid=102,0,20231128
카이스트 인공지능반도체대학원 개원,https://n.news.naver.com/mnews/article/056/0011611399?sid=102,0,20231128
어르신들 디지털 격차 해소 위해 ‘AI학교’ 운영 나선 서초구,https://n.news.naver.com/mnews/article/022/0003879670?sid=102,0,20231128
"대전시-KAIST, 인공지능반도체 전문 인력 양성",https://n.news.naver.com/mnews/article/469/0000772626?sid=102,0,20231128
수원 오현초교 SW·AI 교육체험 한마당 진행,https://n.news.naver.com/mnews/article/666/0000027095?sid=102,0,20231128
"경북교육청, 전국 최초 인공지능 학교지원종합자료실 오픈",https://n.news.naver.com/mnews/article/016/0002231257?sid=102,0,20231128
질문왕 뽑은 KAIST…교수·학생 84명에 ‘QAIST’ 특별포상,https://n.news.naver.com/mnews/article/020/0003533914?sid=102,0,20231128
“전자상거래의 블룸버그 터널 될 것”…AI 기술로 중소기업 해외 진출 돕는다,https://n.news.naver.com/mnews/article/024/0000085963?sid=102,0,20231128
"""표정·눈깜빡임이 거짓말입니다""…AI 등 첨단 수사 '성큼'",https://n.news.naver.com/mnews/article/057/0001783679?sid=102,0,20231128
한국과학기술원 인공지능반도체대학원 개원…6년간 전문인재 165명 양성,https://n.news.naver.com/mnews/article/002/0002309691?sid=102,0,20231128
"스티븐 챈 굿노트 CEO ""EBS·YBM 교재, AI 노트로 풀어보세요""",https://n.news.naver.com/mnews/article/015/0004919332?sid=102,0,20231128
SKT·세종대 인공지능 산학협력,https://n.news.naver.com/mnews/article/009/0005221970?sid=105,0,20231128
JY가 또 선택한 ‘미스터 폴더블’…인공지능 초격차 본격 드라이브,https://n.news.naver.com/mnews/article/009/0005221789?sid=105,0,20231128
"한컴 AI 비서 '한컴 어시스턴트' 내년 공개…""5년 내 빅테크 진입""",https://n.news.naver.com/mnews/article/421/0007202308?sid=105,0,20231128
갤S24 출격 준비 탄탄대로…'AI폰' 상표 등록·KC인증 통과,https://n.news.naver.com/mnews/article/003/0012235004?sid=105,0,20231128
"조주완 LG전자 사장, CES 2024서 'AI로 연결되는 미래 고객경험' 제시",https://n.news.naver.com/mnews/article/092/0002312962?sid=105,0,20231128
"""너무 아파"" 말하니 병원 안내…SKT AI콜, 취약계층 4063명 도와",https://n.news.naver.com/mnews/article/003/0012234659?sid=105,0,20231128
"SKT, AI안부확인서비스로 취약계층 상담",https://n.news.naver.com/mnews/article/001/0014357790?sid=105,0,20231128
"SKT, AI안부확인서비스로 취약계층 상담",https://n.news.naver.com/mnews/article/001/0014357789?sid=105,0,20231128
"""미스터 폴더블→미스터 AI로?""…자리 지킨 노태문, 갤S24도 진두지휘",https://n.news.naver.com/mnews/article/003/0012234542?sid=105,0,20231128
클로바노트 日서 통했다…가입자 1년새 130% 뛰어,https://n.news.naver.com/mnews/article/011/0004267458?sid=105,0,20231128
"사장은 나, 직원은 챗GPT",https://n.news.naver.com/mnews/article/009/0005222020?sid=105,0,20231128
"""150명 직원 절반 줄어도 매출 쑥""… 단순업무는 이미 AI가 팀장",https://n.news.naver.com/mnews/article/009/0005221937?sid=105,0,20231128
"AWS ""AI로 서버관리 부담 던다""...개막 첫 날 5만명 몰려 높은 관심 [AWS리인벤트]",https://n.news.naver.com/mnews/article/014/0005107218?sid=105,0,20231128
네이버 '다크패턴 체크리스트' 나온다,https://n.news.naver.com/mnews/article/648/0000021369?sid=105,0,20231128
'AI가 엑스레이 판독'…카카오브레인 '카라-CXR' 상표권 출원,https://n.news.naver.com/mnews/article/031/0000791894?sid=105,0,20231128
"[단독] 한컴, AI 스타트업 '포티투마루' 투자 추진…소형언어모델 확대",https://n.news.naver.com/mnews/article/018/0005628331?sid=105,0,20231128
AWS 최대행사 개막…서버 관리 부담 덜어주는 솔루션 나왔다,https://n.news.naver.com/mnews/article/015/0004919276?sid=105,0,20231128
한·미·영 등 18개국 ‘AI 안전 가이드라인’ 체결,https://n.news.naver.com/mnews/article/018/0005628327?sid=105,0,20231128
"MS 코파일럿 겨냥한 한컴, 문서에 AI 접목…사법리스크는 일축",https://n.news.naver.com/mnews/article/018/0005628273?sid=105,0,20231128
카이스트 AI반도체대학원 개원…세계 최고수준 인재 양성한다,https://n.news.naver.com/mnews/article/018/0005628237?sid=105,0,20231128
"네이버 자율규제위, 다크 패턴 방지 대책 논의",https://n.news.naver.com/mnews/article/422/0000631660?sid=105,0,20231128
[UDC 2023]블록체인으로 식물이력 관리…신뢰·투명성 다 잡았다,https://n.news.naver.com/mnews/article/648/0000021354?sid=105,0,20231128
"""클라우드는 제3의 데이터센터"" 카카오페이증권 [AWS 리인벤트]",https://n.news.naver.com/mnews/article/014/0005106960?sid=105,0,20231128
"""클라우드는 미래의 근간…AI와 함께 성장한다""[미래기술25]",https://n.news.naver.com/mnews/article/018/0005627916?sid=105,0,20231128
'AI 시대' 핵심은 클라우드…인프라 경쟁 펼쳐진다[미래기술25],https://n.news.naver.com/mnews/article/018/0005627904?sid=105,0,20231128
IT 세상 떠받치는 클라우드…'혁신의 장'으로 확장[미래기술25],https://n.news.naver.com/mnews/article/018/0005627900?sid=105,0,20231128
"노키아, 음성으로 네트워크 재구성하는 AI 기술 공개",https://n.news.naver.com/mnews/article/138/0002161820?sid=105,0,20231128
"SKT, 인공지능으로 독거노인 도왔다",https://n.news.naver.com/mnews/article/015/0004919333?sid=105,0,20231128
"생성형 AI發 수요 폭증 수혜... 삼성전자, 엔비디아에 HBM 공급 추진",https://n.news.naver.com/mnews/article/366/0000950981?sid=105,0,20231128
"노키아, 인간 목소리로 네트워크 재구성하는 AI기술 공개",https://n.news.naver.com/mnews/article/138/0002161795?sid=105,0,20231128
넥스트 데이터 생태계로의 변화 이끈다… 데이터 인텔리전스 플랫폼 기업 ‘제제소프트’,https://n.news.naver.com/mnews/article/366/0000950958?sid=105,0,20231128
"노키아, 음성으로 네트워크 재구성하는 AI 기술 공개",https://n.news.naver.com/mnews/article/029/0002839928?sid=105,0,20231128
“음성으로 네트워크 재구성하는 AI기술 공개”…노키아,https://n.news.naver.com/mnews/article/018/0005628252?sid=105,0,20231128
"한컴, AI 무기 들고 ""5년내 글로벌 빅테크 반열에 오르겠다""",https://n.news.naver.com/mnews/article/014/0005107060?sid=105,0,20231128
"[지역특화산업, AI로 디지털대전환 가속]〈5〉충남 친환경모빌리티 AI혁신에 글로벌시장 주목",https://n.news.naver.com/mnews/article/030/0003160811?sid=105,0,20231128
"[지역특화산업, AI로 디지털대전환 가속]〈5〉충남, 친환경모빌리티산업 AI 활용 스마트팩토리 혁신",https://n.news.naver.com/mnews/article/030/0003160810?sid=105,0,20231128
"[지역특화산업, AI로 디지털대전환 가속]〈5〉충남, AI로 성장 가능성 보다",https://n.news.naver.com/mnews/article/030/0003160809?sid=105,0,20231128
"국정원, 미·영 등 23개 기관과 ‘안전한 AI 개발 지침’ 발표",https://n.news.naver.com/mnews/article/366/0000950859?sid=105,0,20231128
"SKT, 'AI 콜'로 취약계층 상담",https://n.news.naver.com/mnews/article/030/0003160704?sid=105,0,20231128
"SKT 'AI 안부 확인 서비스', 취약계층 4063명 도와",https://n.news.naver.com/mnews/article/119/0002773736?sid=105,0,20231128
"""너무 아파"" 호소에 위급환자 구하고 위로하는 SKT `AI콜`",https://n.news.naver.com/mnews/article/029/0002839728?sid=105,0,20231128
"조주완 LG전자 사장, CES 월드 프리미어서 AI 기반 미래 고객경험 제시",https://n.news.naver.com/mnews/article/366/0000950779?sid=105,0,20231128
"SKT ""AI 안부확인서비스로 취약계층 4000여명에 손길""",https://n.news.naver.com/mnews/article/015/0004919104?sid=105,0,20231128
"""너무 아파"" 말하니…SKT AI콜', 취약계층 4063명 도왔다",https://n.news.naver.com/mnews/article/138/0002161750?sid=105,0,20231128
"SKT, 세종대 손 잡고 글로벌 AI 미디어 만든다",https://n.news.naver.com/mnews/article/138/0002161749?sid=105,0,20231128
"SK텔레콤, AI 안부 확인 전화 서비스로 취약계층 4000명에 도움 제공",https://n.news.naver.com/mnews/article/366/0000950759?sid=105,0,20231128
"SKT, 세종대와 AI 콘텐츠 인재 육성",https://n.news.naver.com/mnews/article/421/0007201895?sid=105,0,20231128
"SKT, 세종대와 글로벌 AI 콘텐츠 인재 육성 맞손",https://n.news.naver.com/mnews/article/277/0005346916?sid=105,0,20231128
"SK텔레콤, 세종대 메타버스융합대학원과 AI·XR 업무협약 체결",https://n.news.naver.com/mnews/article/366/0000950754?sid=105,0,20231128
‘글로벌 AI 콘텐츠 인재 육성’…SKT-세종대 MOU,https://n.news.naver.com/mnews/article/011/0004267139?sid=105,0,20231128
"SKT, AI안부확인서비스로 취약계층 4063명 도와",https://n.news.naver.com/mnews/article/031/0000791649?sid=105,0,20231128
"SKT, AI로 취약층 4000명 상담 도와",https://n.news.naver.com/mnews/article/011/0004267123?sid=105,0,20231128
취약계층 4천여명에 따뜻한 상담...SKT AI콜 눈길,https://n.news.naver.com/mnews/article/092/0002312946?sid=105,0,20231128
"""너무 아프다""…SKT 'AI안부전화', 지난해 취약계층 4000여명 도왔다",https://n.news.naver.com/mnews/article/421/0007201758?sid=105,0,20231128
SKT 'AI콜'로 취약계층 4000여명 따뜻한 상담 나눴다,https://n.news.naver.com/mnews/article/014/0005106801?sid=105,0,20231128
카이스트 인공지능반도체대학원 개원,https://n.news.naver.com/mnews/article/056/0011611399?sid=105,0,20231128
생성형 AI 시대…“데이터센터 열을 식혀라”,https://n.news.naver.com/mnews/article/056/0011611355?sid=105,0,20231128
생성형 AI 시대…“데이터센터 열을 식혀라”,https://n.news.naver.com/mnews/article/056/0011611352?sid=105,0,20231128
"국내 두번째 AI 반도체 대학원, KAIST에 문 열어",https://n.news.naver.com/mnews/article/138/0002161818?sid=105,0,20231128
생성형 AI 시대…“데이터센터 열을 식혀라”,https://n.news.naver.com/mnews/article/056/0011611233?sid=105,0,20231128
"""인공지능 시대 맞아 디지털 분야 책임질 컨트롤 타워 세워야""",https://n.news.naver.com/mnews/article/001/0014359706?sid=105,0,20231128
"만화가協 ""AI학습 면책시 웹툰작가에 피해…감독체계 구축해야""",https://n.news.naver.com/mnews/article/001/0014359694?sid=105,0,20231128
"삼성SDS, 삼성전자와 4608억 HPC 클라우드 서비스 공급계약 체결",https://n.news.naver.com/mnews/article/030/0003160965?sid=105,0,20231128
"""K-한류 열풍, 인공지능과 결합 않으면 반짝하고 사라질 수도""",https://n.news.naver.com/mnews/article/277/0005347268?sid=105,0,20231128
"AI반도체 고급인력 양성소…KAIST, AI반도체대학원 문 열어",https://n.news.naver.com/mnews/article/029/0002839973?sid=105,0,20231128
AI가 자동으로 문서 작성…'한컴 어시스턴트' 내년 출격,https://n.news.naver.com/mnews/article/011/0004267489?sid=105,0,20231128
"굿센, AI 결합한 SaaS 솔루션 선보여",https://n.news.naver.com/mnews/article/030/0003160962?sid=105,0,20231128
"'AI 수요' 올라탄 한미반도체, 차세대 HBM 장비 '속도전'",https://n.news.naver.com/mnews/article/293/0000049285?sid=105,0,20231128
"버넥트, 스페인 칸타브리아대 '디지털트윈' 인프라 구축",https://n.news.naver.com/mnews/article/003/0012236687?sid=105,0,20231128
"카이스트, 인공지능반도체대학원 개원…6년 간 165명 배출 계획",https://n.news.naver.com/mnews/article/468/0001006738?sid=105,0,20231128
"삼성SDS, 삼성전자와 4600억원 규모 HPC 클라우드 서비스 계약",https://n.news.naver.com/mnews/article/003/0012236685?sid=105,0,20231128
[기자의 눈] LLM이라는 블랙박스,https://n.news.naver.com/mnews/article/011/0004267450?sid=105,0,20231128
황성우 삼성SDS 대표 유임…클라우드·AI 신사업 속도 낸다,https://n.news.naver.com/mnews/article/003/0012236653?sid=105,0,20231128
"""소수정예 인재 6년간 165명""…KAIST AI반도체대학원 개원",https://n.news.naver.com/mnews/article/008/0004967396?sid=105,0,20231128
MS '코파일럿' 맞서…토종 AI비서 속속 출격,https://n.news.naver.com/mnews/article/009/0005221973?sid=105,0,20231128
"AWS, 클라우드 서버 무제한 지원",https://n.news.naver.com/mnews/article/009/0005221972?sid=105,0,20231128
"AWS `서버리스` 혁신… ""클라우드 강점 극대화할 것""",https://n.news.naver.com/mnews/article/029/0002839960?sid=105,0,20231128
수평적 기술의 힘 … 머잖아 모든 산업은 'AI 베이스',https://n.news.naver.com/mnews/article/009/0005221939?sid=105,0,20231128
AI 관련 일자리 2년간 60% 급증,https://n.news.naver.com/mnews/article/009/0005221938?sid=105,0,20231128
[팩플] ‘아래아 한글’ 한컴도 AI 비서 만든다…“‘코인논란’ 법인과 무관”,https://n.news.naver.com/mnews/article/025/0003324770?sid=105,0,20231128
"대전시-KAIST, 인공지능반도체 인재양성 본격화",https://n.news.naver.com/mnews/article/421/0007203561?sid=105,0,20231128
“AI 반도체 초격차기술 확보”…KAIST ‘인공지능반도체대학원’ 출범,https://n.news.naver.com/mnews/article/016/0002231216?sid=105,0,20231128
"삼성SDS, 삼성전자와 4600억 규모 HPC 클라우드 서비스 공급계약 체결",https://n.news.naver.com/mnews/article/293/0000049278?sid=105,0,20231128
"내스타일, AI 웹소설 플랫폼 '아이작 노벨'로 한국형 래디쉬 출사표",https://n.news.naver.com/mnews/article/293/0000049277?sid=105,0,20231128
"AI가 한글 문서 초안 작성?...한컴, ”5년 내 글로벌 빅테크 되겠다”",https://n.news.naver.com/mnews/article/023/0003801787?sid=105,0,20231128
"국내 두 번째 AI 반도체 대학원, KAIST에 개원",https://n.news.naver.com/mnews/article/001/0014359417?sid=105,0,20231128
"한컴, 한국판 코파일럿 `한컴 어시스턴트` 내놓고 AI 세계화 나선다",https://n.news.naver.com/mnews/article/029/0002839942?sid=105,0,20231128
"에이프리카, 공공·기업 대상 '프라이빗 LLM' 시장 공략",https://n.news.naver.com/mnews/article/003/0012236420?sid=105,0,20231128
"AWS, 새 서버리스 서비스 3종으로 경쟁력 강화 나서 [AWS 리인벤트 2023]",https://n.news.naver.com/mnews/article/020/0003533896?sid=105,0,20231128
AWS의 승부수…“클라우드 서버 무제한 지원” [리인벤트 2023],https://n.news.naver.com/mnews/article/009/0005221880?sid=105,0,20231128
"딥파인, AR 증강현실 전시사업에 핵심기술 제공",https://n.news.naver.com/mnews/article/025/0003324748?sid=105,0,20231128
[어바웃 C]김연수 한컴 대표의 홀로서기…'오너 리스크'속 AI 청사진 냈다,https://n.news.naver.com/mnews/article/293/0000049272?sid=105,0,20231128
"식약처, 내년 美와 AI의료제품 심포지엄…""규제 주도할 것""",https://n.news.naver.com/mnews/article/001/0014359214?sid=105,0,20231128
붕어빵도 로봇이 만든다,https://n.news.naver.com/mnews/article/030/0003160880?sid=105,0,20231128
"김연수 한컴 대표 ""5년 내 AI 기반 글로벌 빅테크 기업으로 도약""",https://n.news.naver.com/mnews/article/417/0000965266?sid=105,0,20231128
"비디, 전문지식 챗봇 서비스 ‘분야별 한국어 멀티세션 데이터’ 구축",https://n.news.naver.com/mnews/article/468/0001006652?sid=105,0,20231128
[기획]똑똑한 LG 로봇...서비스·산업 현장 어디서든 맹활약!,https://n.news.naver.com/mnews/article/030/0003160857?sid=105,0,20231128
"행정망 이어 소방시스템까지 '버벅 코리아'…""클라우드 환경 전환해야""",https://n.news.naver.com/mnews/article/003/0012236067?sid=105,0,20231128
"'AI 승부수'…한글과컴퓨터 ""5년내 글로벌 빅테크 목표""",https://n.news.naver.com/mnews/article/648/0000021356?sid=105,0,20231128
"카이스트, AI반도체대학원 개소…""최고급 석·박사 165명 키울 것""",https://n.news.naver.com/mnews/article/003/0012236054?sid=105,0,20231128
"한컴, AI 사업 본격화…""내년 한국판 코파일럿 출시""(종합)",https://n.news.naver.com/mnews/article/001/0014358943?sid=105,0,20231128
"클라우드 기반 VAN 피네보, 금융감독원에 정식 등록",https://n.news.naver.com/mnews/article/138/0002161783?sid=105,0,20231128
"굿센, '대한민국 정부 박람회'서 계약업무처리 SaaS 선봬",https://n.news.naver.com/mnews/article/003/0012235954?sid=105,0,20231128
"'AI 비서' 한컴 어시스턴트' 내년 출격…""유럽 기업 인수 검토""(종합)",https://n.news.naver.com/mnews/article/421/0007202919?sid=105,0,20231128
"中법원, 판결문 작성에 생성형 AI 활용…""완성도 70%""",https://n.news.naver.com/mnews/article/001/0014358851?sid=105,0,20231128
"김연수 한컴 대표 ""AI사업 본격화…5년 내 글로벌 빅테크 목표""",https://n.news.naver.com/mnews/article/003/0012235853?sid=105,0,20231128
"서울시 'AI 디지털 성범죄 삭제지원', 정부혁신 우수사례 대상 수상",https://n.news.naver.com/mnews/article/030/0003160825?sid=105,0,20231128
"카카오뱅크 AI기반 고객센터, 국제 무대서 소개",https://n.news.naver.com/mnews/article/092/0002313010?sid=105,0,20231128
"메타빌드, AI 언어모델 '라몬', 음악 생성서비스 '키닛' 등 선보여",https://n.news.naver.com/mnews/article/030/0003160808?sid=105,0,20231128
"“5년내 글로벌 빅테크 목표”…한글과컴퓨터, AI사업 본격화",https://n.news.naver.com/mnews/article/082/0001243937?sid=105,0,20231128
"[머니S픽] 한컴, AI 사업 본격화 …""5년 내 빅테크 진입 목표""",https://n.news.naver.com/mnews/article/417/0000965193?sid=105,0,20231128
"[머니S포토] 한컴, AI 사업 본격화…한컴 '어시스턴트' 내년 공개",https://n.news.naver.com/mnews/article/417/0000965192?sid=105,0,20231128
"[머니S포토] '한컴 AI 사업' 김연수 대표 ""5년 내 빅테크 진입 목표""",https://n.news.naver.com/mnews/article/417/0000965190?sid=105,0,20231128
[머니S포토] '한컴 AI사업 전략발표',https://n.news.naver.com/mnews/article/417/0000965189?sid=105,0,20231128
"[머니S포토] 한컴, AI문서 작성 '한컴 어시스턴트' 출시",https://n.news.naver.com/mnews/article/417/0000965187?sid=105,0,20231128
[머니S포토] 한컴 AI사업 전략발표하는 정지환 한컴 CTO,https://n.news.naver.com/mnews/article/417/0000965186?sid=105,0,20231128
"모두의연구소, 내달 15일까지 `AI학교 아이펠 데이터 사이언티스트` 과정 교육생 모집",https://n.news.naver.com/mnews/article/029/0002839796?sid=105,0,20231128
"국정원, 미국·영국 주관 ‘안전한 AI 개발 가이드’에 파트너 참여",https://n.news.naver.com/mnews/article/016/0002231045?sid=105,0,20231128
"렛서-펜타브리드, 생성형 AI 어시스턴트 고도화 등 MOU 체결",https://n.news.naver.com/mnews/article/468/0001006567?sid=105,0,20231128
"국정원, 미·영 등 23개 기관과 '안전한 AI 개발 지침' 발표",https://n.news.naver.com/mnews/article/001/0014358448?sid=105,0,20231128
AI 스마트폰·AI 노트북 나온다...삼성 전제품군 AI 탑재,https://n.news.naver.com/mnews/article/016/0002231023?sid=105,0,20231128
한컴 “AI 활용한 ‘한컴 어시스턴트’로 5년 내에 글로벌 빅테크 진입”,https://n.news.naver.com/mnews/article/016/0002231022?sid=105,0,20231128
한컴 “AI 기반 ‘어시스턴트’로 5년 내 글로벌 빅테크 진입”,https://n.news.naver.com/mnews/article/016/0002231011?sid=105,0,20231128
이광형 총장 “질문이 최고 덕목”...QAIST 꽃 틔운 KAIST,https://n.news.naver.com/mnews/article/016/0002231006?sid=105,0,20231128
"한컴, '한컴 어시스턴트' 출시…AI사업 확장 본격화",https://n.news.naver.com/mnews/article/011/0004267254?sid=105,0,20231128
"쿤텍, '5G 클라우드 로봇 프로그램 서비스' 개발",https://n.news.naver.com/mnews/article/030/0003160752?sid=105,0,20231128
[올쇼TV] “HPE GreenLake with Digital Realty와 함께하는 클라우드 스마트 전략” 12월 7일 생방송,https://n.news.naver.com/mnews/article/030/0003160751?sid=105,0,20231128
[올쇼TV] “Synology 페타바이트 스토리지 솔루션으로 비즈니스 데이터 강화” 12월 6일 생방송,https://n.news.naver.com/mnews/article/030/0003160749?sid=105,0,20231128
한컴 “AI 기반 문서작성 도구 개발 중…내년 상반기 베타서비스”,https://n.news.naver.com/mnews/article/028/0002666411?sid=105,0,20231128
[올쇼TV] “기업 Hyperautomation을 위한 삼성SDS 생성형 AI 서비스” 11월 30일 생방송,https://n.news.naver.com/mnews/article/030/0003160741?sid=105,0,20231128
"조주완 사장, CES 2024 ‘LG 월드 프리미어’서 ‘AI 연결·확장 미래 고객경험’ 제시",https://n.news.naver.com/mnews/article/138/0002161763?sid=105,0,20231128
"한컴, 내년 상반기 AI 문서작성 프로그램 내놓는다",https://n.news.naver.com/mnews/article/003/0012235191?sid=105,0,20231128
"한컴, AI 사업 본격화…""내년 지능형 문서 작성 도구 출시""",https://n.news.naver.com/mnews/article/001/0014358294?sid=105,0,20231128
"""클라우드 역량 검증""…LG CNS, AWS 파트너 인증 4개 획득",https://n.news.naver.com/mnews/article/008/0004967127?sid=105,0,20231128
"원티드랩, 국내 AI 외국인 인재 네트워킹 ‘원티드 글로벌 해피 아워’ 개최",https://n.news.naver.com/mnews/article/468/0001006475?sid=105,0,20231128
AI 스마트폰·AI 노트북 나온다…삼성 내년 전 제품군에 AI 탑재,https://n.news.naver.com/mnews/article/016/0002230842?sid=105,0,20231128
"조주완 LG전자 사장, CES 2024 'LG 월드 프리미어'서 AI로 확장하는 미래 고객경험 제시",https://n.news.naver.com/mnews/article/030/0003160692?sid=105,0,20231128
"조주완 사장, ‘LG 월드 프리미어’ 대표 연사로 등단…‘AI·미래 고객경험’ 제시",https://n.news.naver.com/mnews/article/468/0001006472?sid=105,0,20231128
"LG 조주완, ‘AI로 연결·확장되는 미래 고객경험’ 제시",https://n.news.naver.com/mnews/article/082/0001243879?sid=105,0,20231128
"에이프리카, 프라이빗 LLM시장 공략 나서",https://n.news.naver.com/mnews/article/030/0003160676?sid=105,0,20231128
"서울시 'AI 디지털 성범죄 삭제지원', 정부혁신 우수사례 대상",https://n.news.naver.com/mnews/article/001/0014357916?sid=105,0,20231128
"""클라우드 역량 검증""…LG CNS, AWS 파트너 인증 4개 획득",https://n.news.naver.com/mnews/article/421/0007201844?sid=105,0,20231128
"SKT-세종대, 글로벌 AI 콘텐츠 인재 육성 '맞손'",https://n.news.naver.com/mnews/article/003/0012234714?sid=105,0,20231128
"제프 케일리 ""TGA 보안 강화할 것""",https://n.news.naver.com/mnews/article/092/0002312952?sid=105,0,20231128
"퓨리오사AI, AI반도체 업체 최초 'NPU AI 해커톤' 개최",https://n.news.naver.com/mnews/article/092/0002312949?sid=105,0,20231128
"아이작 노벨, 한국형 래디쉬로 AI 웹소설 다작시대 연다",https://n.news.naver.com/mnews/article/417/0000965109?sid=105,0,20231128
"SK㈜ C&C, 블록체인 플랫폼 기반 금융 STO 시장 활성화 나선다",https://n.news.naver.com/mnews/article/138/0002161740?sid=105,0,20231128
"괴짜총장의 질문하는 창의인재 양성…KAIST, 신문화전략 ‘QAIST’ 꽃피웠다",https://n.news.naver.com/mnews/article/016/0002230733?sid=105,0,20231128
"""AI로 여행계획 짜봐요""…서초구 어르신·중장년 스마트 AI학교",https://n.news.naver.com/mnews/article/001/0014357805?sid=105,0,20231128
"딥파인, 서울 광화문 일대서 대규모 AR 증강현실 서비스 시범운영",https://n.news.naver.com/mnews/article/009/0005221546?sid=105,0,20231128
"AI 업계 '기대주'에 美 의심의 눈…""中에 기술유출 통로일 수도""",https://n.news.naver.com/mnews/article/001/0014357757?sid=105,0,20231128
코딩 전혀 몰라도 나만의 챗봇 뚝딱[ChatGPT AI 빅뱅 1년],https://n.news.naver.com/mnews/article/032/0003263907?sid=105,0,20231128
"중기부, 中企 제조공정 개선 AI 아이디어 경진대회 8개팀 시상",https://n.news.naver.com/mnews/article/001/0014357706?sid=105,0,20231128
"서울시 'AI 디지털 성범죄 삭제지원', 정부혁신 우수사례 대상",https://n.news.naver.com/mnews/article/001/0014357707?sid=105,0,20231128
[라이프 트렌드&] AI 활용 의료 시장을 넘어 불법복제품 판독시스템 구축사업에도 참여,https://n.news.naver.com/mnews/article/025/0003324621?sid=105,0,20231128
"화천 CVC 시리우스인베스트, 앤드류 응 교수 랜딩AI에 투자 완료",https://n.news.naver.com/mnews/article/009/0005221521?sid=105,0,20231128
"AI 뒤처지는 회사, 제2 노키아 된다",https://n.news.naver.com/mnews/article/023/0003801646?sid=105,0,20231128
"“앞으로 세상은 AI 쓰는 자, 못 쓰는 자로 갈려”",https://n.news.naver.com/mnews/article/023/0003801640?sid=105,0,20231128
챗GPT 1700조 시장… ‘유니콘’ 꿈꾸는 기업들,https://n.news.naver.com/mnews/article/023/0003801620?sid=105,0,20231128
"트렌드마이크로, AI 기반 사이버보안 어시스턴트 출시",https://n.news.naver.com/mnews/article/138/0002161808?sid=105,0,20231128
"""설계부터 안전하게""…18개국 참여 'AI 시스템 개발 가이드라인' 합의",https://n.news.naver.com/mnews/article/015/0004919290?sid=105,0,20231128
"국정원, 미‧영 등 23개 주요국 정보기관과 ‘안전한 AI 시스템 개발 가이드라인’ 발표",https://n.news.naver.com/mnews/article/138/0002161788?sid=105,0,20231128
"국정원, 美·英 주관 '안전한 AI 개발 가이드' 만든다",https://n.news.naver.com/mnews/article/031/0000791826?sid=105,0,20231128
"국정원, 영·미 23개 기관과 '안전한 AI 개발 지침' 발표",https://n.news.naver.com/mnews/article/421/0007202703?sid=105,0,20231128
"국정원, 美·英 주도 '안전한 AI 개발 가이드' 참여",https://n.news.naver.com/mnews/article/030/0003160784?sid=105,0,20231128
"트리센티스 ""기업 앱·서비스 오류, 테스트 자동화 해결""",https://n.news.naver.com/mnews/article/092/0002313073?sid=105,0,20231128
"한컴 2세 김연수 ""5년 내 글로벌 AI 시장 안착""",https://n.news.naver.com/mnews/article/015/0004919336?sid=105,0,20231128
"""5년 내 글로벌 빅테크 진입""…한컴은 어떻게 'AI 기업'으로 변신할까",https://n.news.naver.com/mnews/article/138/0002161791?sid=105,0,20231128
"굿센, AI기반 서비스형 소프트웨어로 글로벌 진출",https://n.news.naver.com/mnews/article/092/0002313055?sid=105,0,20231128
"다날 'AI 로봇 커피' 기업 비트코퍼레이션, 시리즈B 투자 유치",https://n.news.naver.com/mnews/article/092/0002313054?sid=105,0,20231128
"""체감형 AI 서비스 총집합"" AI 바우처 지원사업 이용자 모집",https://n.news.naver.com/mnews/article/138/0002161787?sid=105,0,20231128
"ERP가 AI를 만나면?...영림원소프트랩 ""기업 미래예측·경영분석 더 쉬워진다""",https://n.news.naver.com/mnews/article/138/0002161786?sid=105,0,20231128
"한컴, 생성형 AI '한컴 어시스턴트' 내년 출시",https://n.news.naver.com/mnews/article/092/0002313037?sid=105,0,20231128
"국정원, 23개국 ‘안전한 AI 개발 가이드’ 공동발표",https://n.news.naver.com/mnews/article/092/0002313009?sid=105,0,20231128
"한컴, AI 사업 본격화…오피스 SW서 기술 플랫폼으로 변신",https://n.news.naver.com/mnews/article/277/0005347122?sid=105,0,20231128
"'한컴얼라이언스' 출범…""글로벌 지능형 자동화 시장 진출""",https://n.news.naver.com/mnews/article/138/0002161777?sid=105,0,20231128
오픈ZFS 2.2.0 버전에서 데이터 손상 버그 발견,https://n.news.naver.com/mnews/article/092/0002312993?sid=105,0,20231128
"퓨어스토리지, AI 포트폴리오 강화",https://n.news.naver.com/mnews/article/092/0002312992?sid=105,0,20231128
"한컴, AI 사업 본격화…문서 작성 도구 '한컴 어시스턴트' 내년 출시",https://n.news.naver.com/mnews/article/015/0004919134?sid=105,0,20231128
18개국 'AI 안전 가이드라인' 나왔다…한국도 참여,https://n.news.naver.com/mnews/article/092/0002312980?sid=105,0,20231128
"퓨리오사AI, 국내 첫 'NPU AI 해커톤' 개최",https://n.news.naver.com/mnews/article/015/0004919113?sid=105,0,20231128
"""생성형 AI 세션 들으러 아침부터 왔어요"" 전 세계 IT 업계 종사자 한 자리에 [AWS 리인벤트]",https://n.news.naver.com/mnews/article/014/0005106796?sid=105,0,20231128
"""車사고 경상환자, 과실비율 따라 치료비 직접 부담할 수도""",https://n.news.naver.com/mnews/article/003/0012235496?sid=101,1,20231128
"[바이오게시판] 동아제약, 중대재해 대응 모의훈련 실시 등",https://n.news.naver.com/mnews/article/366/0000950989?sid=101,1,20231128
"동아제약, 중대재해 대응 위한 모의훈련 진행",https://n.news.naver.com/mnews/article/277/0005347226?sid=101,1,20231128
내비게이션에 '안전도로' 경로 추가…침수 지하차도 우회 가능,https://n.news.naver.com/mnews/article/015/0004919268?sid=101,1,20231128
"원자력안전기술원, 28~29일 원전운전경험반영 워크숍",https://n.news.naver.com/mnews/article/421/0007203167?sid=101,1,20231128
"HK이노엔, 수액제 상자에 '안전 일터 정착' 문구 삽입",https://n.news.naver.com/mnews/article/215/0001136508?sid=101,1,20231128
"동아제약, 중대재해 대응 모의훈련 실시",https://n.news.naver.com/mnews/article/215/0001136507?sid=101,1,20231128
"해양교통안전공단·폴리텍대학, 'HDPE 선박 용접 전문 인력 양성' 협력",https://n.news.naver.com/mnews/article/003/0012235758?sid=101,1,20231128
"LH, 재난재해 취약지역 정밀 분석 '통합플랫폼' 개발",https://n.news.naver.com/mnews/article/003/0012235732?sid=101,1,20231128
"불스원, 생활화학제품 안전관리 우수기업 ‘환경부 장관상’ 수상",https://n.news.naver.com/mnews/article/016/0002231078?sid=101,1,20231128
"교통안전공단, 충남 내포신도시에 '자동차부품인증지원센터' 개소",https://n.news.naver.com/mnews/article/003/0012235349?sid=101,1,20231128
"바디프랜드, 한국소비자원과 안마의자 안전사용 캠페인",https://n.news.naver.com/mnews/article/119/0002773997?sid=101,1,20231128
"동아제약, 중대재해 대응 모의훈련으로 안전사고 대처능력 강화",https://n.news.naver.com/mnews/article/629/0000251517?sid=101,1,20231128
최장선 고용노동부 평택지청장 “늘어나는 관내 산업안전 수요 적극 대응” [산업안전PLUS],https://n.news.naver.com/mnews/article/666/0000027116?sid=101,1,20231128
"지역난방공사, '맞춤형 기술 컨설팅 시범사업'으로 열수송관 안전 강화 선도",https://n.news.naver.com/mnews/article/119/0002773989?sid=101,1,20231128
"'안전-친환경' 볼보, 전기차 문법을 바꾸다",https://n.news.naver.com/mnews/article/047/0002414108?sid=101,1,20231128
"바디프랜드, 한국소비자원과 안마의자 안전 사용 캠페인 진행",https://n.news.naver.com/mnews/article/022/0003879518?sid=101,1,20231128
"광양제철소, 연료절감·조업안정 일석이조 친환경경영 속도 내다",https://n.news.naver.com/mnews/article/016/0002231163?sid=101,1,20231128
"광양제철소, 고로 열풍로 온도제어 프로그램 개발",https://n.news.naver.com/mnews/article/001/0014359055?sid=101,1,20231128
"광주지방조달청, 국립여수해양기상과학관 건축 현장 안전 점검",https://n.news.naver.com/mnews/article/001/0014359020?sid=101,1,20231128
"고용부, 제5회 K-디지털 트레이닝 해커톤 개최",https://n.news.naver.com/mnews/article/119/0002773918?sid=101,1,20231128
"강원 3년간 빙판길 교통사고 221건…""시기별 안전대책 필요""",https://n.news.naver.com/mnews/article/001/0014359617?sid=102,1,20231128
정읍 선박 엔진부품 제조 공장 60대 노동자 추락사,https://n.news.naver.com/mnews/article/659/0000016775?sid=102,1,20231128
정읍 선박 부품 제조공장서 추락 60대 숨져…중대재해 조사,https://n.news.naver.com/mnews/article/421/0007202993?sid=102,1,20231128
재난에 인명피해 없는 경남…비결은 재난안전컨트롤 타워,https://n.news.naver.com/mnews/article/009/0005221738?sid=102,1,20231128
정읍 선박 부품 공장서 25t 트럭 가림막 씌우다 60대 추락사,https://n.news.naver.com/mnews/article/003/0012235707?sid=102,1,20231128
인천 기계식주차장 철거 현장서 추락사고…2명 부상,https://n.news.naver.com/mnews/article/020/0003533827?sid=102,1,20231128
기계식주차장 철거 중 추락 사고…2명 부상,https://n.news.naver.com/mnews/article/421/0007201706?sid=102,1,20231128
매실밭 갈던 중 경운기 끼임사고…60대 중상,https://n.news.naver.com/mnews/article/421/0007201693?sid=102,1,20231128
"지금도 매일 죽는데…“중대재해법 유예, 우린 목숨도 아닙니까?”",https://n.news.naver.com/mnews/article/032/0003264032?sid=102,1,20231128
"고용부, 제5회 K-디지털 트레이닝 해커톤 개최",https://n.news.naver.com/mnews/article/119/0002773918?sid=102,1,20231128
"“입국 시 산업안전교육 5시간만”…역대 최대 외국 인력, 안전도 비상",https://n.news.naver.com/mnews/article/011/0004267105?sid=102,1,20231128
사망 60% ‘50인 미만’서 발생…정부는 중대재해법 2년 유예 압박,https://n.news.naver.com/mnews/article/028/0002666384?sid=102,1,20231128
나의 막노동 일지 - 나재필 전 충청투데이 기자,https://n.news.naver.com/mnews/article/127/0000034913?sid=102,1,20231128
"[게시판] 한국교통안전공단, '수송부문 배출권거래제 외부사업' 설명회",https://n.news.naver.com/mnews/article/001/0014358696?sid=102,1,20231128
경북 국민안전체험관 2027년 상주에 건립,https://n.news.naver.com/mnews/article/056/0011611416?sid=102,1,20231128
화물차에서 일하던 60대 추락사…“중대재해 조사”,https://n.news.naver.com/mnews/article/056/0011611390?sid=102,1,20231128
"부산시, 동절기 가스안전 결의대회 개최",https://n.news.naver.com/mnews/article/031/0000791945?sid=102,1,20231128
화물차에서 일하던 60대 추락사…“중대재해 조사”,https://n.news.naver.com/mnews/article/056/0011611261?sid=102,1,20231128
"청송소방서·소방안전협의회, 소방안전 분야 민·관 협력 기틀 마련",https://n.news.naver.com/mnews/article/629/0000251704?sid=102,1,20231128
물놀이 안전관리 평가서 최우수 차지한 강원도…대통령 기관 표창,https://n.news.naver.com/mnews/article/011/0004267485?sid=102,1,20231128
"""교권예산 '안전지킴이' 운영비에 편중""…경기도의회 예산안 심사",https://n.news.naver.com/mnews/article/003/0012236684?sid=102,1,20231128
한국가스안전공사  치매노인 40가구에 타이머콕·주방물품 전달,https://n.news.naver.com/mnews/article/655/0000014682?sid=102,1,20231128
"성남시, 6곳 맨발 황톳길 휴장…'겨울철 안전사고 예방'",https://n.news.naver.com/mnews/article/417/0000965326?sid=102,1,20231128
"당진시, 채수현 정책특별보좌관 위촉 중대재해 예방 총력",https://n.news.naver.com/mnews/article/421/0007203626?sid=102,1,20231128
"광양제철소, 고로 열풍로 온도제어 최적화 프로그램 개발",https://n.news.naver.com/mnews/article/003/0012236667?sid=102,1,20231128
[포토뉴스]고용노동부 태백지청 임도사업 중대재해 감축을 위한 포럼,https://n.news.naver.com/mnews/article/087/0001009943?sid=102,1,20231128
"""방화구획 설정 강화 등 겨울철 화재 안전 만전 기해야""양산시 물류센터 현장 점검",https://n.news.naver.com/mnews/article/658/0000059217?sid=102,1,20231128
"용인시, 내년부터 시민안전보험 운용…'보험지원 대상·혜택 확대'",https://n.news.naver.com/mnews/article/417/0000965315?sid=102,1,20231128
안전장치 없이 흙더미 '와르르'…소규모 건설현장이 위험하다,https://n.news.naver.com/mnews/article/057/0001783665?sid=102,1,20231128
"""몰라서 이용 못해""… 응급안전안심서비스 실효성 의문",https://n.news.naver.com/mnews/article/656/0000071089?sid=102,1,20231128
"기장군, 건축물 해체 공사현장 안전표지판 설치",https://n.news.naver.com/mnews/article/082/0001244013?sid=102,1,20231128
박완수 경남지사 물류센터 등 겨울철 화재안전 대책 점검,https://n.news.naver.com/mnews/article/005/0001655505?sid=102,1,20231128
"바디프랜드, 소비자원과 안마의자 안전사용 캠페인",https://n.news.naver.com/mnews/article/092/0002313070?sid=105,1,20231128
"“안전혜택 확대”…우아한청년들, 연말 ‘배달고수클럽’ 진행",https://n.news.naver.com/mnews/article/138/0002161793?sid=105,1,20231128
"바디프랜드, 소비자원과 안마의자 안전사용 캠페인",https://n.news.naver.com/mnews/article/030/0003160877?sid=105,1,20231128
"휴랜, 베트남-하노이 ‘스마트안전체험장’ 구축 및 업무협약 체결",https://n.news.naver.com/mnews/article/029/0002839862?sid=105,1,20231128
"바디프랜드-한국소비자원, 안마의자 안전사용 캠페인 진행",https://n.news.naver.com/mnews/article/138/0002161782?sid=105,1,20231128
"국가재난 초래한 행정망 마비, 근본 해결책 모색한다",https://n.news.naver.com/mnews/article/092/0002313018?sid=105,1,20231128
"KSS해운, 1167억 규모 LPG 운송계약 체결",https://n.news.naver.com/mnews/article/003/0012236177?sid=101,2,20231128
노후선박 교체·암모니아선… 순풍에 돛 단 조선주,https://n.news.naver.com/mnews/article/014/0005107274?sid=101,2,20231128
中 부동산 부양책 기대감… 현대제철 주가 바닥 탈출,https://n.news.naver.com/mnews/article/014/0005107273?sid=101,2,20231128
"비나텍, 90억 규모 공장 신설 투자",https://n.news.naver.com/mnews/article/018/0005628356?sid=101,2,20231128
"KRX금 가격, 0.70% 내린 1g당 8만 4010원(11월 28일)",https://n.news.naver.com/mnews/article/011/0004267387?sid=101,2,20231128
암모니아선 뉴마켓이 온다...조선주 일제히 '들썩',https://n.news.naver.com/mnews/article/014/0005107158?sid=101,2,20231128
철강株 다시 단단해질까...'현대제철' 훈풍,https://n.news.naver.com/mnews/article/014/0005107157?sid=101,2,20231128
"코스피, 3거래일만 2500선 탈환…조선株 일제히 '상승'",https://n.news.naver.com/mnews/article/015/0004919247?sid=101,2,20231128
"우리기술 자회사 압해해상풍력발전소, 주기기 구매 계약체결",https://n.news.naver.com/mnews/article/015/0004919237?sid=101,2,20231128
"KSS해운, 1167억 규모 LPG 운송계약",https://n.news.naver.com/mnews/article/016/0002231156?sid=101,2,20231128
개미도 글로벌PE에 투자해볼까,https://n.news.naver.com/mnews/article/016/0002230999?sid=101,2,20231128
"[특징주] ""암모니아 운반선 수주 기대"" 한화오션 등 조선株 일제히 '상승'",https://n.news.naver.com/mnews/article/016/0002230943?sid=101,2,20231128
압해해상풍력 주기기 구매 계약 체결한 우리기술,https://n.news.naver.com/mnews/article/014/0005106942?sid=101,2,20231128
"STX, 유상증자 앞두고 주가 부양에 사활",https://n.news.naver.com/mnews/article/366/0000950786?sid=101,2,20231128
"""LG엔솔, 4680배터리 수주로 섹터 반등 주도할 것""",https://n.news.naver.com/mnews/article/011/0004267118?sid=101,2,20231128
'HMM 기로 앞두고' 해운시황 갈수록 암흑,https://n.news.naver.com/mnews/article/648/0000021347?sid=101,2,20231128
"한-IMO, 개발도상국 지원 위한 '신탁기금 포괄협정' 체결",https://n.news.naver.com/mnews/article/001/0014359819?sid=101,2,20231128
"한-IMO, '개발도상국 중장기 지원 강화' 신탁기금 포괄협정 체결",https://n.news.naver.com/mnews/article/421/0007203912?sid=101,2,20231128
"삼바, 연간 누적 수주금액 첫 3조원 돌파… 2022년의 2배 달해",https://n.news.naver.com/mnews/article/022/0003879643?sid=101,2,20231128
"""부산항, 지속발전 위해 자동화 항만 구축 활성화 해야""",https://n.news.naver.com/mnews/article/003/0012236730?sid=101,2,20231128
"현대제철,  해양용 강재·LNG선박 후판 공급 '박차'",https://n.news.naver.com/mnews/article/629/0000251698?sid=101,2,20231128
"현대제철, 제품 다변화 속도…해상풍력 분야 인증·해양용 강재 공급",https://n.news.naver.com/mnews/article/119/0002773978?sid=101,2,20231128
"조선 하청업체 대표 유서 남기고 숨진 채 발견…경찰, 수사",https://n.news.naver.com/mnews/article/001/0014359281?sid=101,2,20231128
"선원노련 ""HMM 졸속 매각 즉각 중단하라""",https://n.news.naver.com/mnews/article/001/0014359169?sid=101,2,20231128
"해양진흥공사·캠코, 감사 전문성 강화 협약",https://n.news.naver.com/mnews/article/001/0014359062?sid=101,2,20231128
메이커박스 '2023 KoVAC META Connect' 우수상 수상,https://n.news.naver.com/mnews/article/215/0001136496?sid=101,2,20231128
"STX B2B플랫폼 '트롤리고', 은행 요구 부합된 보안 시스템 갖춰",https://n.news.naver.com/mnews/article/417/0000965232?sid=101,2,20231128
"㈜쉐어박스, 2023 KoVAC META Connect 우수상 수상",https://n.news.naver.com/mnews/article/014/0005107080?sid=101,2,20231128
"홍콩 HKVAEX ""바이낸스와 무관""",https://n.news.naver.com/mnews/article/011/0004267325?sid=101,2,20231128
"韓 조선사, 해외 진출 검토…기술 유출 가능성 없나?",https://n.news.naver.com/mnews/article/003/0012235852?sid=101,2,20231128
"캠코, 한국해양진흥공사와 감사 업무 전문성 강화 맞손",https://n.news.naver.com/mnews/article/014/0005107053?sid=101,2,20231128
"한진 SWOOP, 도쿄 시부야서 K-패션 ‘도우미’ 역할 담당",https://n.news.naver.com/mnews/article/016/0002231074?sid=101,2,20231128
"한진, 패션 전시 특화 물류로 국내 브랜드 해외진출 지원",https://n.news.naver.com/mnews/article/421/0007202370?sid=101,2,20231128
"한진 'SWOOP', 22개 패션브랜드 일본 전시 물류 전담 수행",https://n.news.naver.com/mnews/article/031/0000791735?sid=101,2,20231128
"덕양산업, 현대자동차 'NX5'에 Door Trim 공급…6000억원대 규모",https://n.news.naver.com/mnews/article/015/0004919120?sid=101,2,20231128
"삼성바이오로직스, 연간 수주 첫 3조원 돌파",https://n.news.naver.com/mnews/article/296/0000071887?sid=101,2,20231128
"안양시, GITEX GLOBAL 2023 참관기업 간담회 개최",https://n.news.naver.com/mnews/article/119/0002773983?sid=101,2,20231128
TCC스틸 니켈도금강판공장 준공…연산능력 8만→20만t,https://n.news.naver.com/mnews/article/001/0014358923?sid=101,2,20231128
"㈜유비씨, 2023 KoVAC META Connect 최우수상 수상",https://n.news.naver.com/mnews/article/016/0002231102?sid=101,2,20231128
"아세아시멘트, 오염물질 저감 실증화 기술 개발",https://n.news.naver.com/mnews/article/277/0005347072?sid=101,2,20231128
"덕양산업, 현대자동차 NX5 차종 Door Trim 수주 성공",https://n.news.naver.com/mnews/article/029/0002839778?sid=101,2,20231128
아르셀로미탈 남아공 선재 철강사업 철수…3500명 실직,https://n.news.naver.com/mnews/article/001/0014359808?sid=101,2,20231128
韓·IMO 80억 규모 개도국 신탁기금 포괄협정 체결…중장기 지원 강화,https://n.news.naver.com/mnews/article/119/0002774014?sid=101,2,20231128
"KOMSA, ‘전문기술인력 양성’ 협력으로 선박검사품질 높인다",https://n.news.naver.com/mnews/article/082/0001244053?sid=101,2,20231128
"""해양 기후위기 대응 위해 지자체 권한 확대해야""",https://n.news.naver.com/mnews/article/082/0001244034?sid=101,2,20231128
"“작년의 두 배”…삼바, 역대 최대 3조원대 수주",https://n.news.naver.com/mnews/article/025/0003324795?sid=101,2,20231128
"현대제철,  해양용 강재 공급 박차… 철강재 공급 다변화 추진",https://n.news.naver.com/mnews/article/022/0003879563?sid=101,2,20231128
[단독] 중견선사도 선박 발주때 5% 세액공제 혜택 검토,https://n.news.naver.com/mnews/article/009/0005222039?sid=101,2,20231128
[단독] 선박펀드 투자 稅혜택 부활,https://n.news.naver.com/mnews/article/009/0005222018?sid=101,2,20231128
삼성바이오 “연간 누적 수주 3조원 돌파”… 창사 이래 처음,https://n.news.naver.com/mnews/article/028/0002666495?sid=101,2,20231128
"K2, 국내 최초 실크와 다운이 만났다",https://n.news.naver.com/mnews/article/009/0005221854?sid=101,2,20231128
"가스 수요 주는데…한국 공적금융, LNG 운반선 사업에 18조 지원",https://n.news.naver.com/mnews/article/028/0002666471?sid=101,2,20231128
Volvo brings entry-level EX30 SUV to Korea,https://n.news.naver.com/mnews/article/640/0000046499?sid=101,2,20231128
"해양환경공단, 해양폐기물 저감 정책 호평 받아",https://n.news.naver.com/mnews/article/658/0000059205?sid=101,2,20231128
"기후변화 심화에 연안침식도 가속화, 어떻게 대응할까",https://n.news.naver.com/mnews/article/658/0000059203?sid=101,2,20231128
"삼성바이오, 설립 후 최초로 수주액 3조원 돌파",https://n.news.naver.com/mnews/article/123/0002321809?sid=101,2,20231128
"울산서 폐업한 조선 하청업체 대표, 숨진 채 발견",https://n.news.naver.com/mnews/article/003/0012236633?sid=102,2,20231128
울산서 50대 조선 하청업체 대표 숨져.. 원룸서 유서 발견,https://n.news.naver.com/mnews/article/014/0005107199?sid=102,2,20231128
영도 물양장 장기 계류 선박서 기름 유출,https://n.news.naver.com/mnews/article/658/0000059179?sid=102,2,20231128
현대중공업 노조 새 지부장에 강성 성향 백호선 후보 당선,https://n.news.naver.com/mnews/article/014/0005107358?sid=102,2,20231128
"경제적 압박 받던 현대중공업 하청업체 대표, 숨진 채 발견",https://n.news.naver.com/mnews/article/032/0003264034?sid=102,2,20231128
"선원노련 ""HMM 졸속 매각 즉각 중단하라""",https://n.news.naver.com/mnews/article/001/0014359169?sid=102,2,20231128
'문제는 임금이다',https://n.news.naver.com/mnews/article/421/0007203113?sid=102,2,20231128
훨훨 나는 백조,https://n.news.naver.com/mnews/article/001/0014359515?sid=102,2,20231128
비상하는 백조,https://n.news.naver.com/mnews/article/001/0014359512?sid=102,2,20231128
비상하는 백조,https://n.news.naver.com/mnews/article/001/0014359510?sid=102,2,20231128
"KIOST, 2023년 해양기후변화 정책토론회…위기 극복 모색",https://n.news.naver.com/mnews/article/119/0002773774?sid=102,2,20231128
"해양환경공단, 2023년 정부혁신 우수사례 장관상 수상",https://n.news.naver.com/mnews/article/421/0007202120?sid=102,2,20231128
"지역주도형 해양 기후변화 대응 모색…KIOST, 정책토론회",https://n.news.naver.com/mnews/article/001/0014357930?sid=102,2,20231128
"한-IMO, 개발도상국 중장기 지원 강화 위한 신탁기금 포괄협정 체결",https://n.news.naver.com/mnews/article/001/0014359847?sid=102,2,20231128
"한-IMO, 개발도상국 중장기 지원 강화 위한 신탁기금 포괄협정 체결",https://n.news.naver.com/mnews/article/001/0014359845?sid=102,2,20231128
"한국해양진흥공사·캠코, 감사 전문성 강화 ‘맞손’",https://n.news.naver.com/mnews/article/031/0000791949?sid=102,2,20231128
"""선박 신조 계획 자체가 없었다""..면피성 재가동 아냐?",https://n.news.naver.com/mnews/article/659/0000016781?sid=102,2,20231128
"조선업 하청업체 대표 유서 남기고 숨져…경찰, 수사",https://n.news.naver.com/mnews/article/023/0003801809?sid=102,2,20231128
"""부산항, 지속발전 위해 자동화 항만 구축 활성화 해야""",https://n.news.naver.com/mnews/article/003/0012236730?sid=102,2,20231128
"""중부내륙법 조속 처리하라""",https://n.news.naver.com/mnews/article/003/0012236693?sid=102,2,20231128
"IPA, 일본 글로벌 선사 자동차 환적 신규 물량 유치…내항 물동량 증대 기대",https://n.news.naver.com/mnews/article/011/0004267441?sid=102,2,20231128
"안양시, GITEX GLOBAL 2023 참관기업 간담회 개최",https://n.news.naver.com/mnews/article/119/0002773983?sid=102,2,20231128
"선원노련, HMM 졸속 매각 중단 촉구",https://n.news.naver.com/mnews/article/079/0003838146?sid=102,2,20231128
"`불황의 그늘` 못 버틴 조선 협력사 대표, 유서 남기고 숨져",https://n.news.naver.com/mnews/article/029/0002839978?sid=102,2,20231128
"㈜유비씨, 2023 KoVAC META Connect 최우수상 수상",https://n.news.naver.com/mnews/article/029/0002839837?sid=105,2,20231128
"㈜쉐어박스, 2023 KoVAC META Connect 우수상 수상",https://n.news.naver.com/mnews/article/029/0002839834?sid=105,2,20231128
㈜메이커박스 2023 KoVAC META Connect 우수상 수상,https://n.news.naver.com/mnews/article/029/0002839823?sid=105,2,20231128
기업 워크아웃 지원하는 기촉법 3년 연장..'질서있는 구조조정' 숨통 트였다,https://n.news.naver.com/mnews/article/014/0005107360?sid=101,3,20231128
워크아웃 3년 연장 길 열려…매년 늘어나는 한계기업에 숨통,https://n.news.naver.com/mnews/article/015/0004919378?sid=101,3,20231128
"""워크아웃 제도 3년 더 연장""…기촉법 개정안, 국회 첫 문턱 넘었다",https://n.news.naver.com/mnews/article/421/0007203631?sid=101,3,20231128
"한신공영, 1878억 규모 공동주택 신축공사 수주",https://n.news.naver.com/mnews/article/003/0012234860?sid=101,3,20231128
"정부, 다자개발은행 조달시장 진출 지원…서울서 설명회",https://n.news.naver.com/mnews/article/001/0014357699?sid=101,3,20231128
"허윤홍 GS건설 사장 ""자이 위상 떨어졌지만 회복 가능""",https://n.news.naver.com/mnews/article/648/0000021371?sid=101,3,20231128
태영건설 최진국 사장 선임… “풍부한 현장 경험 가진 현장통”,https://n.news.naver.com/mnews/article/011/0004267281?sid=101,3,20231128
LX하우시스 건축물 탄소저감 기술 공개,https://n.news.naver.com/mnews/article/014/0005107260?sid=101,3,20231128
"건설주택포럼, '민간 주택공급 확대방안' 세미나 29일 개최",https://n.news.naver.com/mnews/article/003/0012236453?sid=101,3,20231128
"김오진 국토부 1차관, PC공법 실증사업 현장방문",https://n.news.naver.com/mnews/article/001/0014359242?sid=101,3,20231128
"PC공법으로 짓는 LH 아파트…정부 ""탈현장시공 민간확산 유도""",https://n.news.naver.com/mnews/article/001/0014359206?sid=101,3,20231128
"제주개발공사, 빈집·소규모주택정비사업 지원기구 지정",https://n.news.naver.com/mnews/article/003/0012236199?sid=101,3,20231128
"조달청, 우수조달계약 조건 대폭 '손질'…불필요한 규제 개선",https://n.news.naver.com/mnews/article/003/0012236157?sid=101,3,20231128
"부산시의회 의원연구단체, 가덕도신공항 해상교통 필요성 제기",https://n.news.naver.com/mnews/article/003/0012235991?sid=101,3,20231128
"LX하우시스, 건축물 탄소저감 기술 선보인다",https://n.news.naver.com/mnews/article/011/0004267319?sid=101,3,20231128
"현대건설, ‘H 트랜스포밍 월&퍼니처Ⅱ’ 공개",https://n.news.naver.com/mnews/article/050/0000069872?sid=101,3,20231128
제조업에 알맞는 스마트 공장 시스템은?,https://n.news.naver.com/mnews/article/003/0012235523?sid=101,3,20231128
제조업을 위한 스마트 공장 시스템은?,https://n.news.naver.com/mnews/article/003/0012235521?sid=101,3,20231128
스마트 공장 시스템 설비 살펴보는 관람객,https://n.news.naver.com/mnews/article/003/0012235520?sid=101,3,20231128
"우수조달물품구매제도, 규제·불공정행위·계약관리 등 대폭 개선",https://n.news.naver.com/mnews/article/008/0004967149?sid=101,3,20231128
LX하우시스 '건축물 신재생에너지 사업' 공략,https://n.news.naver.com/mnews/article/014/0005106946?sid=101,3,20231128
주민 신탁부동산 담보로 한 재건축·재개발 자금조달 금지,https://n.news.naver.com/mnews/article/001/0014358286?sid=101,3,20231128
"""건축물 탄소저감 기술 공개""…LX하우시스 '기후테크 콘퍼런스' 참가",https://n.news.naver.com/mnews/article/421/0007202155?sid=101,3,20231128
“내년 이후 건설업계 부실 본격화”…채무상환 어려운 ‘한계기업’ 증가세,https://n.news.naver.com/mnews/article/009/0005221596?sid=101,3,20231128
"공정위, 하청에 공사 변경 서면 미발급한 '신세계건설' 경고",https://n.news.naver.com/mnews/article/003/0012234954?sid=101,3,20231128
中企업계 “기업승계 지원법안 연내 국회 통과돼야”,https://n.news.naver.com/mnews/article/030/0003160733?sid=101,3,20231128
"조달청, 우수조달물품 계약 조건 개정…""민생·기업 살린다""",https://n.news.naver.com/mnews/article/001/0014358114?sid=101,3,20231128
"소형·저가주택 보유자, 무주택 인정…민영 특별공급 접수 가능",https://n.news.naver.com/mnews/article/119/0002774000?sid=101,3,20231128
인구감소 도시 '신산업 육성' 위한 개발용지 확보 가능,https://n.news.naver.com/mnews/article/119/0002773799?sid=101,3,20231128
정비사업 신탁사 역할·책임 강화…표준계약서·시행규정 확정,https://n.news.naver.com/mnews/article/119/0002773798?sid=101,3,20231128
"차별화된 주민시설…3000가구 넘는 대단지, 실수요 관심↑",https://n.news.naver.com/mnews/article/119/0002773766?sid=101,3,20231128
공공시설 짓겠다며 강제수용한 땅인데…다시 불거진 매각 논란,https://n.news.naver.com/mnews/article/421/0007201673?sid=101,3,20231128
그린리모델링 콘퍼런스 개최…활성화 해법 찾는다,https://n.news.naver.com/mnews/article/119/0002773651?sid=101,3,20231128
전문인력 양성…해외건설 투자개발사업 특성화대학 모집,https://n.news.naver.com/mnews/article/119/0002773650?sid=101,3,20231128
"인천 검단 붕괴사고, 7개월만에 봉합…""고품질 자재 쓰도록""",https://n.news.naver.com/mnews/article/422/0000631744?sid=101,3,20231128
건설현장에도 스마트 바람…인공지능(AI)에 로봇·무인드론까지 등장,https://n.news.naver.com/mnews/article/056/0011611379?sid=101,3,20231128
"""워크아웃제 3년 더""…기촉법 정무위 소위 통과",https://n.news.naver.com/mnews/article/215/0001136564?sid=101,3,20231128
'철근 누락' 보상은 '확정'‥LH 혁신안은 '깜깜',https://n.news.naver.com/mnews/article/214/0001315030?sid=101,3,20231128
"기업 워크아웃제 3년 연장…정무위 소위, 기촉법 개정안 의결",https://n.news.naver.com/mnews/article/055/0001109860?sid=101,3,20231128
건설현장에도 스마트 바람…인공지능(AI)에 로봇·무인드론까지 등장,https://n.news.naver.com/mnews/article/056/0011611234?sid=101,3,20231128
기업 워크아웃제 ‘3년 연장’…기촉법 개정안 정무위 소위 통과,https://n.news.naver.com/mnews/article/020/0003533922?sid=101,3,20231128
“건설사 10곳 중 4곳 채무 상환 어려워…잠재적 부실기업”,https://n.news.naver.com/mnews/article/666/0000027099?sid=101,3,20231128
“가덕신공항 일정 늦추면 공사비 더 늘어”,https://n.news.naver.com/mnews/article/082/0001244048?sid=101,3,20231128
"'오너가 4세' 허윤홍 GS건설 사장 ""국민이 신뢰하는 회사 만들겠다""",https://n.news.naver.com/mnews/article/586/0000068523?sid=101,3,20231128
"기업 워크아웃제 3년 연장…정무위 소위, 기촉법 개정안 의결",https://n.news.naver.com/mnews/article/001/0014359660?sid=101,3,20231128
버는 돈 보다 대출이자 더 큰 건설업체 5곳 중 2곳,https://n.news.naver.com/mnews/article/005/0001655527?sid=101,3,20231128
방기선 국무조정실장 “제설장비 충분히 확보해 시민 불편 최소화해야”,https://n.news.naver.com/mnews/article/374/0000360551?sid=101,3,20231128
워크아웃 3년 더…기촉법 연장안 국회 정무위 법안소위 통과,https://n.news.naver.com/mnews/article/374/0000360549?sid=101,3,20231128
공장 터에 잡초만…미분양 산단 93%가 지방,https://n.news.naver.com/mnews/article/009/0005222035?sid=101,3,20231128
[게시판] 해외건설협회 등 해외건설 근로자 주택특별공급 업무협약,https://n.news.naver.com/mnews/article/001/0014359536?sid=101,3,20231128
"'인구소멸 위기' 도시, 재도약 위한 개발용지 확보 가능해진다",https://n.news.naver.com/mnews/article/448/0000437990?sid=101,3,20231128
"재개발·재건축서 신탁사 책임 강화된다…국토부, 표준계약서·시행규정 확정",https://n.news.naver.com/mnews/article/448/0000437982?sid=101,3,20231128
"하임랩, 데이터 기반해 주택 점검보수 새 리모델링 패러다임 제시",https://n.news.naver.com/mnews/article/009/0005221870?sid=101,3,20231128
"[오후초대석] 野 김병욱 ""1기 신도시 특별법, 확실한 노후도시 정비 가능…연내 통과 희망적""",https://n.news.naver.com/mnews/article/374/0000360536?sid=101,3,20231128
"한승구 계룡건설 회장, 충남대 명예 경영학 박사됐다",https://n.news.naver.com/mnews/article/009/0005221811?sid=101,3,20231128
"'강풍에 거푸집 붕괴' 인천 아파트 사고는 ""마무리 소홀""…공사 잠정중지",https://n.news.naver.com/mnews/article/421/0007203541?sid=102,3,20231128
300억 공사 수주대가로 군무원에 '14억' 뇌물 방산대표들 징역형,https://n.news.naver.com/mnews/article/421/0007203185?sid=102,3,20231128
'해군함대 공사수주 돕겠다' 제안에 수억 뇌물 준 업체 관계자 징역형,https://n.news.naver.com/mnews/article/003/0012236053?sid=102,3,20231128
'수사무마·승진청탁' 검경브로커 수사…관급공사 수주로 확대,https://n.news.naver.com/mnews/article/421/0007202809?sid=102,3,20231128
소규모 산단도  '입주기업체협의회' 설립 가능,https://n.news.naver.com/mnews/article/277/0005347081?sid=102,3,20231128
"매립지공사, 친환경 골프장 자격 박탈…농약 사용량 축소 신고",https://n.news.naver.com/mnews/article/001/0014358338?sid=102,3,20231128
‘개점 휴업’ 도시재생 거점시설에 혈세만 줄줄…누가 책임지나?,https://n.news.naver.com/mnews/article/021/0002607736?sid=102,3,20231128
"개발공사, 빈집·소규모 주택정비사업  가능해져",https://n.news.naver.com/mnews/article/661/0000034116?sid=102,3,20231128
"""체육고·일반고 신설 등 종합 판단 필요""",https://n.news.naver.com/mnews/article/661/0000034097?sid=102,3,20231128
수소 트램 사업 중단  요구,https://n.news.naver.com/mnews/article/661/0000034089?sid=102,3,20231128
도로 절반 깨부서져.. 사유지 도로 갈등  증가,https://n.news.naver.com/mnews/article/661/0000034083?sid=102,3,20231128
“공유재산 팔아 신청사 건립 계획 철회해야”,https://n.news.naver.com/mnews/article/056/0011611421?sid=102,3,20231128
“공유재산 팔아 신청사 건립 계획 철회해야”,https://n.news.naver.com/mnews/article/056/0011611302?sid=102,3,20231128
"광주시, 개발제한구역 내 불법행위 예방 · 단속 위한 특별점검 실시",https://n.news.naver.com/mnews/article/016/0002231251?sid=102,3,20231128
"""부울경 메가시티, 광역교통망 정부 지원 등 주민 관심 높여야 성공""",https://n.news.naver.com/mnews/article/658/0000059220?sid=102,3,20231128
GH노조 'SH 3기 신도시 사업 참여' 유감 표명...법적대응 시사,https://n.news.naver.com/mnews/article/008/0004967405?sid=102,3,20231128
"지하주차장 붕괴 검단 아파트, 보상 합의서 서명",https://n.news.naver.com/mnews/article/023/0003801796?sid=102,3,20231128
"한승구 계룡건설산업 회장, 충남대 명예경영학 박사 됐다",https://n.news.naver.com/mnews/article/656/0000071072?sid=102,3,20231128
한승구 계룡건설산업 회장 충남대 명예박사 학위받아,https://n.news.naver.com/mnews/article/029/0002839876?sid=102,3,20231128
"충남대, 한승구 계룡건설산업 회장에 명예 경영학 박사 학위 수여",https://n.news.naver.com/mnews/article/015/0004919185?sid=102,3,20231128
"인천 검단 붕괴사고, 7개월만에 봉합…""고품질 자재 쓰도록""",https://n.news.naver.com/mnews/article/422/0000631744?sid=102,3,20231128
"""800억 공사업체 바꾸는 게 말이 되나""…카카오 C레벨의  폭로전, 대체 무슨 일?",https://n.news.naver.com/mnews/article/003/0012236849?sid=105,3,20231128
"700억이상 공공SW, 대기업 참여 허용",https://n.news.naver.com/mnews/article/029/0002839916?sid=105,3,20231128
"[위기의 행정망, 해법은]〈2〉전수 조사후 노후설비 교체주기 새로 정립해야",https://n.news.naver.com/mnews/article/030/0003160833?sid=105,3,20231128
"'통풍 날개를 태양광으로' LX하우시스, 건물일체형 태양광발전시스템 개발",https://n.news.naver.com/mnews/article/030/0003160781?sid=105,3,20231128
"미래 건물, 이 굴착기가 만듭니다",https://n.news.naver.com/mnews/article/009/0005221539?sid=105,3,20231128
